n_samp,kappa,d_effect,method,mean_bias,emp_sd,rmse,coverage,q99_abs_phi_mean,max_abs_phi_median,active_frac_mean,h_l2_mean,delta_sd,delta_mad,delta_q95,delta_q99,tau_max,l2_rho,l2_M_train,l2_active_train,l2_ok_rate
500,3.5,0.5,AIPW,0.07606286828775546,1.5910618823152898,1.5912889484509467,0.824,8.763949757682774,39.59052824774352,NA,NA,0,0,0,0,0.2,NA,NA,NA,NA
500,3.5,0.5,Truncated AIPW,-0.09475335464236186,0.10273312416591568,0.13968244280248276,0.758,8.315231828975785,26.046240228615908,NA,NA,35.2841019667225,0.6738999005901493,11.164377999862218,30.3103589601983,0.2,NA,NA,NA,NA
500,3.5,0.5,Fixed TS-AIPW,-0.06110207168853029,0.11421636906039791,0.1294324200810934,0.804,8.320741855219184,26.046852586780716,0.202544,0.33510002851196924,35.30825414891988,0.9527061030215636,10.081590835185018,28.628734963776242,0.2,NA,NA,NA,NA
500,3.5,0.5,Shrinking quantile TS,-0.004469306314275226,0.37848278310600264,0.3781305242537039,0.826,8.763949757682774,39.59052824774352,0.02084,0.09313403045047929,29.46069534845457,0.06425410887442239,0.13858045983749964,0.1952669384574706,0.2,NA,NA,NA,NA
500,3.5,0.5,L2-grid TS (rho=0.05),-0.033352243721623986,0.22726519467231204,0.22947449081170573,0.816,8.727479159578293,35.82930890863342,0.093524,0.20928580613348702,35.02761249360242,0.25211750545050393,4.2126318087744234,22.71520373574908,0.2,0.05,0.043543514458377945,0.093805,1
500,3.5,0.5,L2-grid TS (rho=0.10),-0.040082403830574875,0.19520085334238355,0.19908230834541984,0.824,8.658703939499894,32.00974086460582,0.14241600000000001,0.27126996180065843,35.07662127291835,0.6470059373303596,6.0927564540559125,24.692703282553275,0.2,0.1,0.07722548211174093,0.142347,1
500,3.5,0.5,L2-grid TS (rho=0.20),-0.04333981401805463,0.16749147038081524,0.17284566915068025,0.82,8.579610791537169,29.85411337430517,0.162696,0.2943932504539702,35.1563203222699,0.8929352489916274,6.926219442481946,25.072348645568745,0.2,0.2,0.1290977491430824,0.16267700000000002,1
500,3.5,0.5,L2-grid TS (rho=0.40),-0.045147616020300936,0.16399465776113564,0.16993753708630757,0.82,8.541000724854651,29.060154484044908,0.168584,0.3005244927147053,35.18650123430852,0.9269170209355618,7.192451861110176,25.06761384429648,0.2,0.4,0.2233629499100471,0.168574,1
1500,3.5,0.5,AIPW,0.011822287147744939,0.3264625841215899,0.32635016419037877,0.848,7.935028703761273,85.61926548652076,NA,NA,0,0,0,0,0.2,NA,NA,NA,NA
1500,3.5,0.5,Truncated AIPW,-0.09620437616412705,0.05463365667078467,0.11060808632947046,0.56,7.70389769088841,36.369344034260976,NA,NA,12.16883962271642,1.7697047237754,18.235573496199162,44.5317113088347,0.2,NA,NA,NA,NA
1500,3.5,0.5,Fixed TS-AIPW,-0.06313366339900743,0.06002610644929938,0.08707345544269428,0.73,7.7058038961576,36.39326149863008,0.20007333333333333,0.33215460882996456,12.202232282755174,1.5409216090572158,16.987495840245284,45.220586115566476,0.2,NA,NA,NA,NA
1500,3.5,0.5,Shrinking quantile TS,0.01288187055769599,0.3264632272371268,0.3263909080376918,0.848,7.935028703761273,85.61926548652076,0.007916,0.05545635632606121,0.016570987423500612,0.040458725413846444,0.06955849990702055,0.08607769859179694,0.2,NA,NA,NA,NA
1500,3.5,0.5,L2-grid TS (rho=0.05),-0.024449296291714235,0.14300207053709907,0.1449360586006867,0.838,7.925277236191702,73.46984798885993,0.0792,0.1931328559026977,10.519859920369017,0.457792523465841,7.600702520327072,40.345890503655355,0.2,0.05,0.044642376355112326,0.07938233333333333,1
1500,3.5,0.5,L2-grid TS (rho=0.10),-0.0347582969348191,0.1093458321273278,0.11463305451491543,0.834,7.907579311708291,58.511712674348416,0.11550533333333333,0.2400768657449445,11.246352856724588,1.0285155149188434,11.260561723238942,40.96797587835523,0.2,0.1,0.07760287198791768,0.115461,1
1500,3.5,0.5,L2-grid TS (rho=0.20),-0.037492233456980155,0.10493285344677536,0.1113308110749678,0.818,7.889619355038723,52.86054619052855,0.124824,0.25056726181989486,11.343251576889799,1.1330273214581246,11.746832261118918,41.01572003060187,0.2,0.2,0.1483643632918386,0.12478433333333333,1
1500,3.5,0.5,L2-grid TS (rho=0.40),-0.04043389964297343,0.10331276317100566,0.110847102895377,0.814,7.858524768930603,48.403181901111,0.13383466666666666,0.2607506323984517,11.454928586880069,1.2162957126716707,11.98478857912747,41.190110266049224,0.2,0.4,0.30662319214355305,0.13382333333333332,1
5000,3.5,0.5,AIPW,0.02671667907747424,1.1209257552657899,1.1201229310488532,0.8,7.716455097843941,188.05954002935192,NA,NA,0,0,0,0,0.2,NA,NA,NA,NA
5000,3.5,0.5,Truncated AIPW,-0.09806573079215208,0.03033383688914383,0.1026410684516446,0.092,7.517483665954617,46.88141971453832,NA,NA,79.18000413915507,3.9946786792460216,20.49051612708165,56.83040860263466,0.2,NA,NA,NA,NA
5000,3.5,0.5,Fixed TS-AIPW,-0.06475157181235296,0.033404247242223226,0.0728448906823412,0.448,7.518835468059477,46.887428087000444,0.2009228,0.3336285254235237,79.20545644540995,2.354962335324406,18.099483087889737,55.195351064895284,0.2,NA,NA,NA,NA
5000,3.5,0.5,Shrinking quantile TS,-0.015604334737166208,0.26905638849303787,0.26923976818280065,0.802,7.716455097843941,188.05954002935192,0.0035044,0.03572404448329735,69.9137709095752,0.031749215442108736,0.04555982800687019,0.052657565582071866,0.2,NA,NA,NA,NA
5000,3.5,0.5,L2-grid TS (rho=0.05),-0.029708997394668035,0.06929549556142307,0.07533184253613734,0.81,7.714224808006327,155.57616369204158,0.0663032,0.17609254450636283,78.87303068427674,0.8362818206900384,10.555285383046506,51.65552120617471,0.2,0.05,0.042891586472731266,0.0663413,1
5000,3.5,0.5,L2-grid TS (rho=0.10),-0.03382005059385452,0.06225655408982234,0.07079493337983712,0.79,7.710686018902858,128.92429629350227,0.0803468,0.19559280062398654,78.91167182888059,1.1415861428160134,11.54751637264678,51.70193155159309,0.2,0.1,0.06965492534350894,0.0804683,1
5000,3.5,0.5,L2-grid TS (rho=0.20),-0.03510438089281427,0.061292017184759434,0.07057985198130891,0.776,7.708704939724827,124.6977056031296,0.085128,0.20174322989590912,78.95105281201369,1.2037374494432016,11.583005900036445,51.81927114312964,0.2,0.2,0.1468281812201462,0.0852266,1
5000,3.5,0.5,L2-grid TS (rho=0.40),-0.03719433296243873,0.0601841129415956,0.07069866759838093,0.754,7.704198125456589,115.39702150448615,0.093006,0.21181449180667236,79.01412039617789,1.3661522373767565,11.607538705698275,52.08084265541093,0.2,0.4,0.32719270065757167,0.0931024,1
12000,3.5,0.5,AIPW,3.907909454139206e-4,0.15030012503225176,0.15015025823189287,0.838,7.6981446333537,392.96172965696337,NA,NA,0,0,0,0,0.2,NA,NA,NA,NA
12000,3.5,0.5,Truncated AIPW,-0.09926516812855841,0.018729305119387626,0.10101316201419287,0.004,7.516157083100452,54.09150573033645,NA,NA,16.17166256451112,7.537006545931401,28.707202204507336,68.19341309282274,0.2,NA,NA,NA,NA
12000,3.5,0.5,Fixed TS-AIPW,-0.06584900716498372,0.020821239640290628,0.06905612729318211,0.096,7.517517003857375,54.14331048401912,0.2000245,0.3325542359714714,16.189347504793233,4.053920942472441,24.82474640337727,64.17065884671865,0.2,NA,NA,NA,NA
12000,3.5,0.5,Shrinking quantile TS,6.330179105520643e-4,0.1502996681426059,0.15015062762094933,0.838,7.6981446333537,392.96172965696337,0.001934,0.025785008211578177,0.004448140357843319,0.026202144351594386,0.03414562881863216,0.03741841503343687,0.2,NA,NA,NA,NA
12000,3.5,0.5,L2-grid TS (rho=0.05),-0.023827609513021607,0.052801254874043836,0.05788049366018079,0.814,7.697870263464088,272.7135419636461,0.05113616666666667,0.15182617336648582,14.369251331517043,1.171173261937142,15.517170577081473,46.39441547396072,0.2,0.05,0.037907359872950214,0.051107708333333335,1
12000,3.5,0.5,L2-grid TS (rho=0.10),-0.025789564954248397,0.052164448068219745,0.058144552999458754,0.794,7.697783614501946,245.9828230181197,0.0547685,0.15749850248325908,14.411808417521225,1.2174168420765914,15.687676360237385,46.726438222079956,0.2,0.1,0.05869054053820756,0.05474729166666667,1
12000,3.5,0.5,L2-grid TS (rho=0.20),-0.026905625172344683,0.05151218372430158,0.05806987797315245,0.782,7.697524142596895,239.4595634770023,0.05738883333333333,0.16152638494321192,14.456217495227879,1.2498128948938936,15.841315073512689,46.84592754105898,0.2,0.2,0.12692565899791605,0.0573975,1
12000,3.5,0.5,L2-grid TS (rho=0.40),-0.028732613560423247,0.0506000701216296,0.05814472842944425,0.758,7.696216107529636,223.74120591653593,0.06218116666666667,0.16874781283119547,14.54786084239297,1.3867401769321903,16.169028539034606,47.19047449165722,0.2,0.4,0.2955377229821875,0.062188958333333336,1
500,3.5,1,AIPW,0.29292942451833137,3.8405457819539137,3.8478695361493314,0.682,10.123974460166528,49.39321963154356,NA,NA,0,0,0,0,0.2,NA,NA,NA,NA
500,3.5,1,Truncated AIPW,-0.18893354262477996,0.11277693230959916,0.21997518659383183,0.528,9.601112459251405,31.582946487840456,NA,NA,85.70840175750769,0.9329940519846178,24.23971372516018,128.8552249574306,0.2,NA,NA,NA,NA
500,3.5,1,Fixed TS-AIPW,-0.1219149789282677,0.12498664060079219,0.17450982521077205,0.696,9.606681419866279,31.631537338356786,0.200332,0.33281122166232,85.73743109478025,1.4560283109917405,22.81741238727856,126.27235862647052,0.2,NA,NA,NA,NA
500,3.5,1,Shrinking quantile TS,0.1553191264279961,2.0526497563398896,2.056469866346735,0.696,10.123974460166528,49.39321963154356,0.020843999999999998,0.0934983463712997,69.33411710281565,0.1269994999878452,0.22542601590292194,0.3069758803875988,0.2,NA,NA,NA,NA
500,3.5,1,L2-grid TS (rho=0.05),0.04892240875602862,0.9388251006488821,0.9391608949203851,0.696,10.12009078632514,48.7646789179252,0.03702,0.1222084758564994,77.34184046779878,0.16542782056237298,0.36295548754877266,48.50120572822394,0.2,0.05,0.04733842252038624,0.037348,1
500,3.5,1,L2-grid TS (rho=0.10),-0.03138171802810877,0.4243747513178502,0.4251100491912309,0.718,10.108602759372635,44.77696912626124,0.092076,0.2108551757186558,84.34845133183941,0.5649202531627062,8.979340858651286,98.07365412620837,0.2,0.1,0.09309817255142813,0.092646,1
500,3.5,1,L2-grid TS (rho=0.20),-0.07406940157746779,0.26060155054517165,0.2706725291940406,0.728,9.991875549273058,37.81034533659618,0.15218,0.28265528850558425,84.57297564993245,1.345976478693791,17.21925066021198,98.59218439569369,0.2,0.2,0.16129969929224838,0.152191,1
500,3.5,1,L2-grid TS (rho=0.40),-0.083853491691629,0.23287507386411724,0.24729283551296372,0.722,9.958234038970334,36.30313901270699,0.164808,0.29580551044035996,84.70196460284022,1.4654031266230074,17.388027258545847,117.01695804390889,0.2,0.4,0.2574175988798338,0.164614,1
1500,3.5,1,AIPW,0.003470143542935066,0.47729863208159173,0.4768337216627966,0.666,9.214458607443456,114.53898900643566,NA,NA,0,0,0,0,0.2,NA,NA,NA,NA
1500,3.5,1,Truncated AIPW,-0.19742483330027075,0.05894533350167562,0.20601982438731523,0.176,8.980100944139092,44.37867868678585,NA,NA,17.897849216900383,3.1292347288158204,26.834340564905748,98.51631848239501,0.2,NA,NA,NA,NA
1500,3.5,1,Fixed TS-AIPW,-0.13008472117153255,0.06433799393486188,0.14509697926183912,0.46,8.986194985401474,44.499789013277066,0.20117733333333335,0.33401882869814953,17.89646131882377,2.0157362121399873,24.50396393488903,96.16186272463793,0.2,NA,NA,NA,NA
1500,3.5,1,Shrinking quantile TS,-4.0987548054805835e-4,0.4191088621623681,0.4186897441593934,0.674,9.214458607443456,114.53898900643566,0.007914666666666667,0.05477055615528135,5.18538406232713,0.08042531076136428,0.11821062195627566,0.1367732512334035,0.2,NA,NA,NA,NA
1500,3.5,1,L2-grid TS (rho=0.05),-0.01715706854013024,0.32953247899329485,0.3296495660590714,0.684,9.214458607443456,114.53898900643566,0.02748,0.10697339848061592,10.904499021084927,0.27426858803732534,0.41014297159649526,30.39135839376277,0.2,0.05,0.04852040325823271,0.027643,1
1500,3.5,1,L2-grid TS (rho=0.10),-0.0541410531395303,0.2297339274064055,0.23580368038227453,0.692,9.211140309875269,99.07778213157653,0.08100666666666667,0.19691056606994972,14.340289949369375,0.9862693387102819,10.62893035000572,66.16503151807993,0.2,0.1,0.0935626978838896,0.08130466666666666,1
1500,3.5,1,L2-grid TS (rho=0.20),-0.07938197118287821,0.1980916320141307,0.21322127340758715,0.628,9.193112897523882,70.53660649536678,0.12216,0.24838249736609697,15.614754261142458,1.5851066890919179,17.393874160504684,69.73757070598128,0.2,0.2,0.16029080451334277,0.12220966666666666,1
1500,3.5,1,L2-grid TS (rho=0.40),-0.083550796068599,0.19660251481990215,0.2134384671504634,0.592,9.18182339810655,63.94743818690212,0.13069866666666666,0.2577686714179616,15.709014248368785,1.6204414250142214,17.800366558233293,70.04032194851382,0.2,0.4,0.30942922628886793,0.13075466666666666,1
5000,3.5,1,AIPW,0.01570280743690372,0.30558513264723935,0.3056829843315478,0.76,8.9244481044132975,314.64137567008135,NA,NA,0,0,0,0,0.2,NA,NA,NA,NA
5000,3.5,1,Truncated AIPW,-0.1954325901771636,0.0357393097595831,0.19866716127463652,0,8.734507516764973,57.53596410567374,NA,NA,21.188143346503168,9.42021340179274,41.9617475422078,90.16669404028872,0.2,NA,NA,NA,NA
5000,3.5,1,Fixed TS-AIPW,-0.1280172175254501,0.03886610680750332,0.13377578664621603,0.076,8.738457551517739,57.781205336044245,0.19988,0.3324499728669426,21.11042831065003,4.731384942764953,36.769810197215975,85.07863720415438,0.2,NA,NA,NA,NA
5000,3.5,1,Shrinking quantile TS,0.016612662704246127,0.30560544675295226,0.30575133731355364,0.76,8.9244481044132975,314.64137567008135,0.0034863999999999997,0.0353405511453836,0.011046034678674833,0.06345020718055569,0.08436093325008753,0.09234442190669732,0.2,NA,NA,NA,NA
5000,3.5,1,L2-grid TS (rho=0.05),0.007238876853962299,0.2103546497203809,0.2102688323070564,0.784,8.9244481044132975,314.64137567008135,0.0240608,0.10093016690808349,11.237709198955882,0.4833401055029662,0.6425959914297703,27.509072398480107,0.2,0.05,0.048626685831296285,0.0241431,1
5000,3.5,1,L2-grid TS (rho=0.10),-0.041055730254117545,0.11259044802056352,0.11973649716857068,0.758,8.923237110560521,242.0112794832349,0.0647624,0.1736259576282818,18.926395408357575,1.7219579480580036,21.936865059751238,72.73540564811773,0.2,0.1,0.08587112905237192,0.0646414,1
5000,3.5,1,L2-grid TS (rho=0.20),-0.05090159456310682,0.11024241252526866,0.12132623405273747,0.694,8.922165914938216,195.341298460478,0.0764656,0.18977678518468905,19.562666345499053,1.922530947871881,23.817437671409632,75.90589612846705,0.2,0.2,0.1385219856109805,0.0763647,1
5000,3.5,1,L2-grid TS (rho=0.40),-0.05457904139644857,0.10930253756526882,0.12207383990243706,0.67,8.918715628387591,184.79422188430635,0.0814072,0.19637557975194117,19.666121237022285,1.8919931674783745,24.404854145452614,76.52882853012781,0.2,0.4,0.2893715997768574,0.0814281,1
12000,3.5,1,AIPW,8.790307175171863e-4,0.2143158745924433,0.21410325595170565,0.748,8.880511802285902,521.884006025934,NA,NA,0,0,0,0,0.2,NA,NA,NA,NA
12000,3.5,1,Truncated AIPW,-0.19534511499727206,0.021921167032286082,0.19656879315452572,0,8.70243075894305,63.78026716093652,NA,NA,23.026570331266164,15.794297355088723,53.77078242097082,122.65329516697548,0.2,NA,NA,NA,NA
12000,3.5,1,Fixed TS-AIPW,-0.127822359050312,0.024216555376104575,0.1300915990537523,0,8.70424240986641,63.96518421181469,0.200416,0.33295021328435453,22.99502141448189,8.552430744776757,46.86759127983739,115.5447096760779,0.2,NA,NA,NA,NA
12000,3.5,1,Shrinking quantile TS,0.0013689214849881702,0.21432266650900997,0.21411261269436066,0.75,8.880511802285902,521.884006025934,0.0019408333333333333,0.025791935726179674,0.006954629286765884,0.05328595507303929,0.065328166205004215,0.07123693345158873,0.2,NA,NA,NA,NA
12000,3.5,1,L2-grid TS (rho=0.05),-0.01782439726688575,0.1187524394902144,0.11996518969699103,0.762,8.880511802285902,511.5019480774564,0.023131333333333334,0.0986969036119878,14.858512508943829,0.7440057548386081,12.573403782067018,72.179953264343,0.2,0.05,0.04804336479771518,0.02311545833333333,1
12000,3.5,1,L2-grid TS (rho=0.10),-0.039628669891233856,0.10068214708442748,0.1081066715304639,0.726,8.880511802285902,369.8054844017174,0.05374516666666666,0.15611822936517522,18.155572685698374,2.2459337786356537,27.59489157159085,87.20282114728624,0.2,0.1,0.07843097840237837,0.053721791666666664,1
12000,3.5,1,L2-grid TS (rho=0.20),-0.0418513900267971,0.10088145601860572,0.10912494160031475,0.7,8.880321224415336,342.95087979888024,0.05770733333333333,0.16189054709971845,18.200643531544348,2.0746390262455856,27.80875868919381,87.58430826749554,0.2,0.2,0.12545593834285904,0.05771166666666667,1
12000,3.5,1,L2-grid TS (rho=0.40),-0.04414952322846418,0.10048190352756853,0.10966129723813794,0.686,8.880285044883024,319.05353706180745,0.061045,0.1667212019970343,18.232596748696793,2.070693256499712,28.127709852285605,87.58216371946145,0.2,0.4,0.27215121881210774,0.061064708333333335,1
500,3.5,2,AIPW,0.2803681940474089,5.496077925141629,5.497732727074322,0.662,15.034467635402132,92.08158638902009,NA,NA,0,0,0,0,0.2,NA,NA,NA,NA
500,3.5,2,Truncated AIPW,-0.3893623416039542,0.1403212444489559,0.4138281099680526,0.362,14.604570237931522,49.81781360513253,NA,NA,122.56524344294262,2.5171519406858893,35.367987919229186,143.79921279524484,0.2,NA,NA,NA,NA
500,3.5,2,Fixed TS-AIPW,-0.2543878235318354,0.14482733720228896,0.29265367321659835,0.582,14.629237123163655,50.238030536100496,0.201452,0.33376718034321157,122.5077083872418,2.6081675655411756,31.418634510686097,140.14506827777626,0.2,NA,NA,NA,NA
500,3.5,2,Shrinking quantile TS,0.2308740522796863,4.240642224200826,4.242685848462459,0.664,15.034467635402132,92.08158638902009,0.020923999999999998,0.09398585869277737,29.508099349654053,0.26501758018740584,0.3851873123983143,0.47286178025904824,0.2,NA,NA,NA,NA
500,3.5,2,L2-grid TS (rho=0.05),0.28278810128331794,5.49516500564903,5.496945867721321,0.664,15.034467635402132,92.08158638902009,0.008392,0.05623428117150927,0.9217091377897003,0.09326645418717891,0.14882492134293912,0.18501896351212962,0.2,0.05,0.04316795752423091,0.008771,1
500,3.5,2,L2-grid TS (rho=0.10),0.2791803518554699,5.489393636715742,5.491003303830712,0.666,15.034467635402132,92.08158638902009,0.027272,0.1085512827069888,4.317047840437854,0.32743443191309124,0.44963975451660115,1.9210480021237764,0.2,0.1,0.09656198731579248,0.027757,1
500,3.5,2,L2-grid TS (rho=0.20),-0.051495506048167314,0.9251708111394183,0.9256786347690852,0.668,15.031580649531678,84.9618838543372,0.088644,0.20810427166026543,109.2388606848937,1.183147953057409,15.172879993238348,107.61897050483464,0.2,0.2,0.1939520561181976,0.089102,1
500,3.5,2,L2-grid TS (rho=0.40),-0.1903299374194468,0.3119431371728169,0.365156663455086,0.61,14.936842181922135,59.169343775545315,0.157492,0.28833469309756804,120.2544155033494,2.601356922097611,26.40872828950037,131.7825507091954,0.2,0.4,0.32704134394798146,0.15733,1
1500,3.5,2,AIPW,0.025941604611639888,0.7488587930730651,0.7485592026211078,0.686,13.597761336458532,221.23008637219868,NA,NA,0,0,0,0,0.2,NA,NA,NA,NA
1500,3.5,2,Truncated AIPW,-0.38734505299684857,0.0830773487069072,0.3961366333193184,0.03,13.4555021892188,66.06927301751972,NA,NA,28.336829553275507,7.769146251125189,53.977352301879485,164.2508694072588,0.2,NA,NA,NA,NA
1500,3.5,2,Fixed TS-AIPW,-0.25260247223108895,0.086120753558746585,0.26685194322394834,0.272,13.463735537140547,66.45593402881713,0.20000933333333334,0.3321414501764924,28.228480447082166,4.27088103719054,48.75978732592324,158.38854336505742,0.2,NA,NA,NA,NA
1500,3.5,2,Shrinking quantile TS,0.030188937076246508,0.7489314439380722,0.7487909474783473,0.694,13.597761336458532,221.23008637219868,0.007842666666666666,0.054877227437473926,0.028777823678616095,0.16166573893810546,0.21626379481084565,0.24595332205423243,0.2,NA,NA,NA,NA
1500,3.5,2,L2-grid TS (rho=0.05),0.029430987762430427,0.7488422305634802,0.7486717170719154,0.694,13.597761336458532,221.23008637219868,0.006562666666666667,0.05027794977533272,0.023326020315299255,0.13460515300856368,0.1724927602342304,0.1982044365944941,0.2,0.05,0.0451406939062322,0.006779,1
1500,3.5,2,L2-grid TS (rho=0.10),0.02885200458130952,0.7134970813959917,0.7133669232300003,0.7,13.597761336458532,221.23008637219868,0.024529333333333334,0.10201970273787736,5.572414108544412,0.5300345372320159,0.6579537095459752,10.899412240673033,0.2,0.1,0.09729552211848118,0.024805,1
1500,3.5,2,L2-grid TS (rho=0.20),-0.07817456027908255,0.34696255562073564,0.3553217005020862,0.728,13.597761336458532,198.20914811785167,0.07771333333333333,0.193477817432966,21.39300527303562,2.0273234845500827,29.618235047076645,112.43864176074928,0.2,0.2,0.18783218327658247,0.07791966666666666,1
1500,3.5,2,L2-grid TS (rho=0.40),-0.14299947049492542,0.3117583704872022,0.3427064977025195,0.582,13.582990506147857,115.54563102092672,0.11581733333333333,0.24042129541255264,24.215386822411844,3.034294372564435,39.09080991518572,123.00523238278596,0.2,0.4,0.3128928000850136,0.116217,1
5000,3.5,2,AIPW,0.0357583164071197,0.7085444471021985,0.7087381887866585,0.714,13.225041189770629,541.4329316521523,NA,NA,0,0,0,0,0.2,NA,NA,NA,NA
5000,3.5,2,Truncated AIPW,-0.39462754812228645,0.0427558955668625,0.396932377376198,0,13.08282554913549,77.89316081532948,NA,NA,49.90159415345739,18.194159116231337,96.9200189212454,209.0924306105722,0.2,NA,NA,NA,NA
5000,3.5,2,Fixed TS-AIPW,-0.2606754728101922,0.04552558374441465,0.2646131813469171,0.002,13.095210149926332,78.42058562246393,0.2002448,0.33260692845071055,49.89075621328025,8.528653202004085,88.06163393600356,200.2241906389848,0.2,NA,NA,NA,NA
5000,3.5,2,Shrinking quantile TS,0.03756364621283107,0.7085433286375443,0.708830451360874,0.718,13.225041189770629,541.4329316521523,0.0035072,0.03537356603654281,0.017907137071834008,0.12702096074409364,0.15790399424372983,0.16828577019928187,0.2,NA,NA,NA,NA
5000,3.5,2,L2-grid TS (rho=0.05),0.03194479336009389,0.6140956192836157,0.6143123575078886,0.718,13.225041189770629,541.4329316521523,0.0063492,0.04893039013629262,11.323437369990137,0.2350904327701686,0.27765126646239957,0.2951121496586669,0.2,0.05,0.046441742623981985,0.0064881,1
5000,3.5,2,L2-grid TS (rho=0.10),-0.022152484498076695,0.32533966537879727,0.32576822841168496,0.726,13.225041189770629,541.4329316521523,0.0236808,0.10024835571479176,38.08230740281542,0.9662836062115214,12.682496321232506,128.06797682459535,0.2,0.1,0.09686133747115538,0.0237489,1
5000,3.5,2,L2-grid TS (rho=0.20),-0.10591107960031856,0.20735678681190306,0.23265425021904954,0.69,13.225041189770629,381.855898906897,0.0660184,0.17511705321144905,45.995501880742495,3.585953013683201,58.92070532731031,186.73936725201003,0.2,0.2,0.17114703197046754,0.0659911,1
5000,3.5,2,L2-grid TS (rho=0.40),-0.12148557421795195,0.21008149895113792,0.2424968298189058,0.592,13.222848185108418,286.9001521823872,0.0771384,0.1903304102041285,46.25966862276522,3.4650577813443615,62.810009247060904,188.18267885818184,0.2,0.4,0.27760305954330666,0.077223,1
12000,3.5,2,AIPW,-0.029014662914092843,0.3064689994904536,0.30753414740057844,0.716,13.073424144754059,957.9858996858695,NA,NA,0,0,0,0,0.2,NA,NA,NA,NA
12000,3.5,2,Truncated AIPW,-0.39514663587906607,0.02867782692490808,0.3961838421341334,0,12.959259720329518,86.68798340888412,NA,NA,32.87838219464196,31.938095457381703,103.36193320084575,195.20955417656242,0.2,NA,NA,NA,NA
12000,3.5,2,Fixed TS-AIPW,-0.2606495708789795,0.030389309033987434,0.26241162680558233,0,12.968214455270047,87.30914412414248,0.2004305,0.33292440971716525,32.818359146732966,17.230840860680143,89.3238117781401,180.02250381055723,0.2,NA,NA,NA,NA
12000,3.5,2,Shrinking quantile TS,-0.028039810515729797,0.30647812490796955,0.3074527839177405,0.718,13.073424144754059,957.9858996858695,0.0019475,0.025757943755686918,0.012552744369610154,0.1072680136147229,0.12617650603093222,0.13208919524109947,0.2,NA,NA,NA,NA
12000,3.5,2,L2-grid TS (rho=0.05),-0.02573539144394379,0.30644261297736736,0.3072158382490603,0.722,13.073424144754059,957.9858996858695,0.006203833333333334,0.04837417987993575,0.025807221656612457,0.3577516521300895,0.40120833130283895,0.41005459404591127,0.2,0.05,0.04674533705899636,0.006219166666666666,1
12000,3.5,2,L2-grid TS (rho=0.10),-0.04766237877936936,0.21313086905643638,0.21818712189533646,0.74,13.073424144754059,957.9858996858695,0.023274166666666665,0.09912488402260228,16.432180871108326,1.496020136355084,16.624400820313205,87.731262818424,0.2,0.1,0.0965288282970246,0.023296333333333332,1
12000,3.5,2,L2-grid TS (rho=0.20),-0.08950270155779579,0.18247279497353094,0.20307747745573662,0.654,13.073384421529648,628.8035651333689,0.053232,0.1550199538464014,22.66835912544275,3.7563340824066636,46.25895779911653,113.61019182601453,0.2,0.2,0.15493532660915915,0.053131791666666664,1
12000,3.5,2,L2-grid TS (rho=0.40),-0.09357878397347821,0.18383544002833777,0.20611857481155513,0.618,13.073339164300496,592.0094283863727,0.056343333333333336,0.15965651380527918,22.74512667343128,3.7036444982228147,46.567370014189116,113.724636806088,0.2,0.4,0.24864889428003908,0.05625375,1
500,3.5,4,AIPW,0.23718964557403685,5.435793945445188,5.43553300364108,0.646,28.409247786795234,167.37176503541173,NA,NA,0,0,0,0,0.2,NA,NA,NA,NA
500,3.5,4,Truncated AIPW,-0.7731052674179756,0.24436166034520296,0.8107311208495641,0.284,27.94574202132222,89.52881032979961,NA,NA,120.69010838872303,4.722904440712774,55.701416698049826,285.8445066484446,0.2,NA,NA,NA,NA
500,3.5,4,Fixed TS-AIPW,-0.4987138760582666,0.2406249467824061,0.5536245067345447,0.548,27.964840323231446,90.25864570049575,0.203436,0.3361812831225801,120.5774212307558,5.1186595933401335,47.62952591725518,279.25169419525645,0.2,NA,NA,NA,NA
500,3.5,4,Shrinking quantile TS,0.15133421488058865,4.354419079053581,4.35269406570084,0.652,28.409247786795234,167.37176503541173,0.0209,0.09394687219336081,38.81679672066475,0.5306342834121152,0.7122680877134812,0.8363675749426,0.2,NA,NA,NA,NA
500,3.5,4,L2-grid TS (rho=0.05),0.24082710308470534,5.435761036086272,5.435660101490067,0.646,28.409247786795234,167.37176503541173,0.0035080000000000003,0.0339286628994482,0.040761247954650526,0.0725305724454516,0.1574936497804063,0.23045174243997812,0.2,0.05,0.024646450838507576,0.002906,1
500,3.5,4,L2-grid TS (rho=0.10),0.24570559595928962,5.435625113436322,5.435742780242429,0.648,28.409247786795234,167.37176503541173,0.0079,0.055610593723430524,0.05036268432922626,0.18300855725121495,0.2737715498821118,0.35419455160143604,0.2,0.1,0.08715144429665325,0.007978,1
500,3.5,4,L2-grid TS (rho=0.20),0.17868010485347888,5.022590745802637,5.020746114283522,0.656,28.409247786795234,167.37176503541173,0.025208,0.10482523091006132,39.219304308323316,0.6419205028876203,0.7972904728840917,0.8971457734011118,0.2,0.2,0.19328819988146617,0.025856,1
500,3.5,4,L2-grid TS (rho=0.40),-0.15701651273447803,1.1605154920219518,1.1699388018523889,0.694,28.409247786795234,160.82774716946227,0.08518,0.20493036027234948,103.40929209300907,2.4036717812303965,10.214875099436119,226.90798350581792,0.2,0.4,0.39110810861447876,0.086087,1
1500,3.5,4,AIPW,0.3133338713078565,3.180748271489863,3.1929771941498966,0.682,25.504230885120162,457.12428356491165,NA,NA,0,0,0,0,0.2,NA,NA,NA,NA
1500,3.5,4,Truncated AIPW,-0.7809056362434865,0.13249890757583446,0.7920444818977129,0.006,25.477430911271462,109.42113274436245,NA,NA,122.70166905516791,15.729071409193686,114.62704548492911,879.3271161777568,0.2,NA,NA,NA,NA
1500,3.5,4,Fixed TS-AIPW,-0.5119348898161526,0.1326470154481957,0.5288074996224765,0.146,25.479413843964316,110.32769124043585,0.20091466666666666,0.3332880673218269,122.62342437091348,8.017495428610054,105.29639385511311,867.8685486126686,0.2,NA,NA,NA,NA
1500,3.5,4,Shrinking quantile TS,0.32183722924916536,3.1807997312755427,3.193874004833688,0.692,25.504230885120162,457.12428356491165,0.007909333333333334,0.05510323601876405,0.051842658563019096,0.32725140999172864,0.4160255492645319,0.4721250361281826,0.2,NA,NA,NA,NA
1500,3.5,4,L2-grid TS (rho=0.05),0.3152536808637123,3.1807814218419175,3.193199116235275,0.682,25.504230885120162,457.12428356491165,0.00192,0.02520785044216455,0.029220975081320644,0.07136198271077727,0.12118718613345172,0.166738215116587,0.2,0.05,0.03245444645723747,0.0019676666666666666,1
1500,3.5,4,L2-grid TS (rho=0.10),0.3200715106535434,3.180169422039107,3.193070053991745,0.688,25.504230885120162,457.12428356491165,0.0066226666666666665,0.05041039199533468,0.2691274360021819,0.2714884998844962,0.3376983448752682,0.3816115070641722,0.2,0.1,0.09063734265555408,0.006781333333333334,1
1500,3.5,4,L2-grid TS (rho=0.20),0.11273573227976173,1.8488535547686225,1.8504411077846452,0.702,25.504230885120162,457.12428356491165,0.024233333333333332,0.10171587129143038,70.57708799046986,1.0712397614068128,1.2514694310980925,384.56878852880834,0.2,0.2,0.19395325690581622,0.024408666666666665,1
1500,3.5,4,L2-grid TS (rho=0.40),-0.19131252103448498,0.5638806945601393,0.5949167971462902,0.738,25.504230885120162,400.9265571415508,0.078432,0.19429113302456844,112.92020303815013,4.0936526127986586,56.4741916894685,673.1566777822476,0.2,0.4,0.37581453993718644,0.07860866666666666,1
5000,3.5,4,AIPW,-0.043211119609899686,0.9970316929605917,0.9969710393147181,0.704,24.619214734667505,1002.9906203595468,NA,NA,0,0,0,0,0.2,NA,NA,NA,NA
5000,3.5,4,Truncated AIPW,-0.7823960668681305,0.07077771583616035,0.7855845413063997,0,24.60847245871064,124.9478018768744,NA,NA,69.95053654601823,35.779494618288666,132.3923505098751,369.834259411292,0.2,NA,NA,NA,NA
5000,3.5,4,Fixed TS-AIPW,-0.5146093540785224,0.06943850835379176,0.5192637579637431,0,24.609841258803666,126.22471181633777,0.1997588,0.33224973136931935,69.89274294219103,16.541996457689358,112.95639586073423,351.51964449397684,0.2,NA,NA,NA,NA
5000,3.5,4,Shrinking quantile TS,-0.03964515515425094,0.9970558831660096,0.9968469950874327,0.706,24.619214734667505,1002.9906203595468,0.0034912,0.035031456470161565,0.03337031118980672,0.25039053899431946,0.309690834897876,0.32646392222863874,0.2,NA,NA,NA,NA
5000,3.5,4,L2-grid TS (rho=0.05),-0.041760314299159704,0.997013689807165,0.9968912422716615,0.706,24.619214734667505,1002.9906203595468,0.0014652,0.021973608678450184,0.026166494974433827,0.10371976761432483,0.14548734519225168,0.16464292804434322,0.2,0.05,0.03576179425703975,0.0014860000000000001,1
5000,3.5,4,L2-grid TS (rho=0.10),-0.03677241504852102,0.9943773838837743,0.9940628849951498,0.706,24.619214734667505,1002.9906203595468,0.00634,0.04868482403264849,0.374478754557095,0.4689875071453917,0.5444673595966578,0.5633934333903895,0.2,0.1,0.09294630486166786,0.0064372000000000006,1
5000,3.5,4,L2-grid TS (rho=0.20),-0.10142589259891527,0.5315589798237284,0.5406265354407487,0.718,24.619214734667505,1002.9906203595468,0.0235376,0.1002996055855639,47.00445677790445,1.9251270499018212,2.120725549298028,174.87331171590714,0.2,0.2,0.19474480522372603,0.0235986,1
5000,3.5,4,L2-grid TS (rho=0.40),-0.21336496226193863,0.33648930311688274,0.3981497307934538,0.71,24.619214734667505,727.5519323304788,0.0676432,0.178309329038932,62.42838787738381,7.256728295000785,76.18805938779195,260.08934470405325,0.2,0.4,0.34910885786645607,0.0676129,1
12000,3.5,4,AIPW,0.02725832357760104,1.0808389596623005,1.0801015911545995,0.704,24.31020032847296,2108.5361618039024,NA,NA,0,0,0,0,0.2,NA,NA,NA,NA
12000,3.5,4,Truncated AIPW,-0.7874840408177418,0.04293794614187569,0.7886514403886445,0,24.299767166941727,136.7830765234952,NA,NA,117.69508664687301,64.7891817813403,201.7318309464025,568.6675996583971,0.2,NA,NA,NA,NA
12000,3.5,4,Fixed TS-AIPW,-0.518654560279054,0.04289761098720135,0.5204220186700513,0,24.30127705694362,138.29073258728766,0.200141,0.3326390375062283,117.62728468811679,35.16594813835377,172.61767386234658,539.6088768504342,0.2,NA,NA,NA,NA
12000,3.5,4,Shrinking quantile TS,0.029218981037428,1.0808257131380292,1.0801396218030492,0.704,24.31020032847296,2108.5361618039024,0.0019443333333333333,0.02585847414473425,0.02423123786122624,0.21522785715627066,0.2548004861946434,0.27138645630750385,0.2,NA,NA,NA,NA
12000,3.5,4,L2-grid TS (rho=0.05),0.02867676504126598,1.0808271818947506,1.0801265570207665,0.704,24.31020032847296,2108.5361618039024,0.0014211666666666667,0.02188708917383127,0.022365275107063994,0.15641905469419595,0.18713539417511277,0.19898361146914523,0.2,0.05,0.03965996805048235,0.0014058333333333334,1
12000,3.5,4,L2-grid TS (rho=0.10),-0.0015435416763061414,0.7460688879944007,0.7453240440122952,0.708,24.31020032847296,2108.5361618039024,0.006167666666666667,0.04819994934973454,55.56005170748472,0.7137822626740054,0.7964813552998005,0.8249851137775663,0.2,0.1,0.09336842554242199,0.006189791666666666,1
12000,3.5,4,L2-grid TS (rho=0.20),-0.07415098170218493,0.42469309776506287,0.4306992766677284,0.726,24.31020032847296,2108.5361618039024,0.023037166666666668,0.09860036857656507,95.79403620149441,2.983666438069872,54.73819863485777,346.59350867065996,0.2,0.2,0.19233686240131903,0.023053416666666667,1
12000,3.5,4,L2-grid TS (rho=0.40),-0.1769320927365904,0.3520334325048196,0.3936808961152072,0.632,24.31020032847296,1122.0930976905415,0.05252916666666667,0.15390229450560058,104.11251325180494,8.288238047438835,106.49369602876806,386.46847176062545,0.2,0.4,0.3052814773166821,0.0524415,1
